-- phpMyAdmin SQL Dump
-- version 3.2.4
-- http://www.phpmyadmin.net
--
-- Host: localhost
-- Generation Time: Jul 04, 2012 at 11:57 AM
-- Server version: 5.1.41
-- PHP Version: 5.3.1

SET SQL_MODE="NO_AUTO_VALUE_ON_ZERO";


/*!40101 SET @OLD_CHARACTER_SET_CLIENT=@@CHARACTER_SET_CLIENT */;
/*!40101 SET @OLD_CHARACTER_SET_RESULTS=@@CHARACTER_SET_RESULTS */;
/*!40101 SET @OLD_COLLATION_CONNECTION=@@COLLATION_CONNECTION */;
/*!40101 SET NAMES utf8 */;

--
-- Database: `billgate`
--

-- --------------------------------------------------------

--
-- Table structure for table `authassignment`
--

CREATE TABLE IF NOT EXISTS `authassignment` (
  `itemname` varchar(64) COLLATE utf8_unicode_ci NOT NULL,
  `userid` int(64) NOT NULL,
  `bizrule` text COLLATE utf8_unicode_ci,
  `data` text COLLATE utf8_unicode_ci,
  PRIMARY KEY (`itemname`,`userid`),
  KEY `userid` (`userid`)
) ENGINE=InnoDB DEFAULT CHARSET=utf8 COLLATE=utf8_unicode_ci;

--
-- Dumping data for table `authassignment`
--

INSERT INTO `authassignment` (`itemname`, `userid`, `bizrule`, `data`) VALUES
('Admin', 1, NULL, 'N;'),
('Manager High School', 2, NULL, 'N;'),
('Manager PreSchool', 3, NULL, 'N;'),
('Manager Primary School', 2, NULL, 'N;');

-- --------------------------------------------------------

--
-- Table structure for table `authitem`
--

CREATE TABLE IF NOT EXISTS `authitem` (
  `name` varchar(64) COLLATE utf8_unicode_ci NOT NULL,
  `type` int(11) NOT NULL,
  `description` text COLLATE utf8_unicode_ci,
  `bizrule` text COLLATE utf8_unicode_ci,
  `data` text COLLATE utf8_unicode_ci,
  PRIMARY KEY (`name`)
) ENGINE=InnoDB DEFAULT CHARSET=utf8 COLLATE=utf8_unicode_ci;

--
-- Dumping data for table `authitem`
--

INSERT INTO `authitem` (`name`, `type`, `description`, `bizrule`, `data`) VALUES
('Admin', 2, '', NULL, 'N;'),
('album_create', 0, '', NULL, 'N;'),
('Album_Creater', 1, '', NULL, 'N;'),
('album_delete', 0, '', NULL, 'N;'),
('Album_Editor', 1, '', NULL, 'N;'),
('album_index', 0, '', NULL, 'N;'),
('Album_Manager', 1, '', NULL, 'N;'),
('album_own_update', 0, '', 'return Yii::app()->user->id==$params ["album"]->created_by;', 'N;'),
('album_reverseStatus', 0, '', NULL, 'N;'),
('album_suggestTitle', 0, '', NULL, 'N;'),
('album_update', 0, '', NULL, 'N;'),
('banner_checkbox', 0, '', NULL, 'N;'),
('banner_create', 0, '', NULL, 'N;'),
('banner_delete', 0, '', NULL, 'N;'),
('banner_index', 0, '', NULL, 'N;'),
('Banner_Manager', 1, '', NULL, 'N;'),
('banner_reverseStatus', 0, '', NULL, 'N;'),
('banner_suggestTitle', 0, '', NULL, 'N;'),
('banner_update', 0, '', '', 'N;'),
('category_configUrl', 0, '', NULL, 'N;'),
('category_create', 0, '', NULL, 'N;'),
('category_delete', 0, '', NULL, 'N;'),
('category_index', 0, '', NULL, 'N;'),
('Category_Manager', 1, '', NULL, 'N;'),
('category_setActiveAdminMenu', 0, '', NULL, 'N;'),
('category_update', 0, '', '', 'N;'),
('category_updateListOrderView', 0, '', NULL, 'N;'),
('category_validate', 0, '', NULL, 'N;'),
('category_write', 0, '', NULL, 'N;'),
('contact_checkbox', 0, '', NULL, 'N;'),
('contact_delete', 0, '', NULL, 'N;'),
('contact_index', 0, '', NULL, 'N;'),
('Contact_Manager', 1, '', NULL, 'N;'),
('contact_reverseStatus', 0, '', NULL, 'N;'),
('contact_suggestTitle', 0, '', NULL, 'N;'),
('contact_view', 0, '', NULL, 'N;'),
('entrance_checkbox', 0, '', NULL, 'N;'),
('entrance_copy', 0, '', NULL, 'N;'),
('entrance_create', 0, '', NULL, 'N;'),
('Entrance_Creater', 1, '', NULL, 'N;'),
('entrance_delete', 0, '', NULL, 'N;'),
('entrance_dynamicCat', 0, '', NULL, 'N;'),
('Entrance_Editor', 1, '', NULL, 'N;'),
('entrance_index', 0, '', NULL, 'N;'),
('Entrance_Manager', 1, '', NULL, 'N;'),
('entrance_own_update', 0, '', 'return Yii::app()->user->id==$params ["entrance"]->created_by;', 'N;'),
('entrance_reverseStatus', 0, '', NULL, 'N;'),
('entrance_suggestTitle', 0, '', NULL, 'N;'),
('entrance_update', 0, '', NULL, 'N;'),
('entrance_updateSuggest', 0, '', NULL, 'N;'),
('event_checkbox', 0, '', NULL, 'N;'),
('event_copy', 0, '', NULL, 'N;'),
('event_create', 0, '', NULL, 'N;'),
('Event_Creater', 1, '', NULL, 'N;'),
('event_delete', 0, '', NULL, 'N;'),
('event_dynamicCat', 0, '', NULL, 'N;'),
('Event_Editor', 1, '', NULL, 'N;'),
('event_index', 0, '', NULL, 'N;'),
('Event_Manager', 1, '', NULL, 'N;'),
('event_own_update', 0, '', 'return Yii::app()->user->id==$params ["event"]->created_by;', 'N;'),
('event_reverseStatus', 0, '', NULL, 'N;'),
('event_suggestTitle', 0, '', NULL, 'N;'),
('event_update', 0, '', NULL, 'N;'),
('event_updateSuggest', 0, '', NULL, 'N;'),
('High_School_Creater', 1, '', NULL, 'N;'),
('High_School_Editor', 1, '', NULL, 'N;'),
('High_School_Manager', 1, '', NULL, 'N;'),
('highSchool_checkbox', 0, '', NULL, 'N;'),
('highSchool_copy', 0, '', NULL, 'N;'),
('highSchool_create', 0, '', NULL, 'N;'),
('highSchool_delete', 0, '', NULL, 'N;'),
('highSchool_dynamicCat', 0, '', NULL, 'N;'),
('highSchool_index', 0, '', NULL, 'N;'),
('highSchool_own_update', 0, '', 'return Yii::app()->user->id==$params ["highSchool"]->created_by;', 'N;'),
('highSchool_reverseStatus', 0, '', NULL, 'N;'),
('highSchool_suggestTitle', 0, '', NULL, 'N;'),
('highSchool_update', 0, '', NULL, 'N;'),
('highSchool_updateSuggest', 0, '', NULL, 'N;'),
('image_clear', 0, '', NULL, 'N;'),
('image_delete', 0, '', NULL, 'N;'),
('image_list', 0, '', NULL, 'N;'),
('Image_Manager', 1, '', NULL, 'N;'),
('image_reverseStatus', 0, '', NULL, 'N;'),
('image_suggestTitle', 0, '', NULL, 'N;'),
('image_update', 0, '', NULL, 'N;'),
('image_upload', 0, '', NULL, 'N;'),
('keyword_checkbox', 0, '', NULL, 'N;'),
('keyword_create', 0, '', NULL, 'N;'),
('keyword_delete', 0, '', NULL, 'N;'),
('keyword_index', 0, '', NULL, 'N;'),
('Keyword_Manager', 1, '', NULL, 'N;'),
('keyword_reverseStatus', 0, '', NULL, 'N;'),
('keyword_suggestName', 0, '', NULL, 'N;'),
('keyword_update', 0, '', NULL, 'N;'),
('language_create', 0, '', NULL, 'N;'),
('language_delete', 0, '', NULL, 'N;'),
('language_edit', 0, '', NULL, 'N;'),
('language_export', 0, '', NULL, 'N;'),
('language_import', 0, '', NULL, 'N;'),
('Language_Manager', 1, '', NULL, 'N;'),
('Manager High School', 2, '', NULL, 'N;'),
('Manager PreSchool', 2, '', NULL, 'N;'),
('Manager Primary School', 2, '', NULL, 'N;'),
('menu_configUrl', 0, '', NULL, 'N;'),
('menu_create', 0, '', NULL, 'N;'),
('menu_delete', 0, '', NULL, 'N;'),
('menu_index', 0, '', NULL, 'N;'),
('Menu_Manager', 1, '', NULL, 'N;'),
('menu_setActiveAdminMenu', 0, '', NULL, 'N;'),
('menu_update', 0, '', NULL, 'N;'),
('menu_updateListOrderView', 0, '', NULL, 'N;'),
('menu_validate', 0, '', NULL, 'N;'),
('menu_write', 0, '', NULL, 'N;'),
('news_checkbox', 0, '', NULL, 'N;'),
('news_copy', 0, '', NULL, 'N;'),
('news_create', 0, '', NULL, 'N;'),
('News_Creater', 1, '', NULL, 'N;'),
('news_delete', 0, '', NULL, 'N;'),
('news_dynamicCat', 0, '', NULL, 'N;'),
('News_Editor', 1, '', NULL, 'N;'),
('news_index', 0, '', NULL, 'N;'),
('News_Manager', 1, '', NULL, 'N;'),
('news_own_update', 0, '', 'return Yii::app()->user->id==$params ["news"]->created_by;', 'N;'),
('news_reverseStatus', 0, '', NULL, 'N;'),
('news_suggestTitle', 0, '', NULL, 'N;'),
('news_update', 0, '', NULL, 'N;'),
('news_updateSuggest', 0, '', NULL, 'N;'),
('notice_checkbox', 0, '', NULL, 'N;'),
('notice_copy', 0, '', NULL, 'N;'),
('notice_create', 0, '', NULL, 'N;'),
('Notice_Creater', 1, '', NULL, 'N;'),
('notice_delete', 0, '', NULL, 'N;'),
('notice_dynamicCat', 0, '', NULL, 'N;'),
('Notice_Editor', 1, '', NULL, 'N;'),
('notice_index', 0, '', NULL, 'N;'),
('Notice_Manager', 1, '', NULL, 'N;'),
('notice_own_update', 0, '', 'return Yii::app()->user->id==$params ["notice"]->created_by;', 'N;'),
('notice_reverseStatus', 0, '', NULL, 'N;'),
('notice_suggestTitle', 0, '', NULL, 'N;'),
('notice_update', 0, '', NULL, 'N;'),
('notice_updateSuggest', 0, '', NULL, 'N;'),
('preschool_checkbox', 0, '', NULL, 'N;'),
('preschool_copy', 0, '', NULL, 'N;'),
('preschool_create', 0, '', NULL, 'N;'),
('PreSchool_Creater', 1, '', NULL, 'N;'),
('preschool_delete', 0, '', NULL, 'N;'),
('preschool_dynamicCat', 0, '', NULL, 'N;'),
('PreSchool_Editor', 1, '', NULL, 'N;'),
('preschool_index', 0, '', NULL, 'N;'),
('PreSchool_Manager', 1, '', NULL, 'N;'),
('preschool_own_update', 0, '', 'return Yii::app()->user->id==$params ["preSchool"]->created_by;', 'N;'),
('preschool_reverseStatus', 0, '', NULL, 'N;'),
('preschool_suggestTitle', 0, '', NULL, 'N;'),
('preschool_update', 0, '', NULL, 'N;'),
('preschool_updateSuggest', 0, '', NULL, 'N;'),
('Primary_School_Creater', 1, '', NULL, 'N;'),
('Primary_School_Editor', 1, '', NULL, 'N;'),
('Primary_School_Manager', 1, '', NULL, 'N;'),
('primarySchool_checkbox', 0, '', NULL, 'N;'),
('primarySchool_copy', 0, '', NULL, 'N;'),
('primarySchool_create', 0, '', NULL, 'N;'),
('primarySchool_delete', 0, '', NULL, 'N;'),
('primarySchool_dynamicCat', 0, '', NULL, 'N;'),
('primarySchool_index', 0, '', NULL, 'N;'),
('primarySchool_own_update', 0, '', 'return Yii::app()->user->id==$params ["primarySchool"]->created_by;', 'N;'),
('primarySchool_reverseStatus', 0, '', NULL, 'N;'),
('primarySchool_suggestTitle', 0, '', NULL, 'N;'),
('primarySchool_update', 0, '', NULL, 'N;'),
('primarySchool_updateSuggest', 0, '', NULL, 'N;'),
('qa_checkbox', 0, '', NULL, 'N;'),
('qa_create', 0, '', NULL, 'N;'),
('qa_delete', 0, '', NULL, 'N;'),
('qa_index', 0, '', NULL, 'N;'),
('QA_Manager', 1, '', NULL, 'N;'),
('qa_reverseStatus', 0, '', NULL, 'N;'),
('qa_suggestTitle', 0, '', NULL, 'N;'),
('qa_update', 0, '', NULL, 'N;'),
('role_create', 0, '', NULL, 'N;'),
('role_delete', 0, '', NULL, 'N;'),
('role_index', 0, '', NULL, 'N;'),
('Role_Manager', 1, '', NULL, 'N;'),
('role_update', 0, '', NULL, 'N;'),
('role_validate', 0, '', NULL, 'N;'),
('role_write', 0, '', NULL, 'N;'),
('setting_checkbox', 0, '', NULL, 'N;'),
('setting_create', 0, '', NULL, 'N;'),
('setting_delete', 0, '', NULL, 'N;'),
('setting_index', 0, '', NULL, 'N;'),
('Setting_Manager', 1, '', NULL, 'N;'),
('setting_reverseStatus', 0, '', NULL, 'N;'),
('setting_suggestName', 0, '', NULL, 'N;'),
('setting_update', 0, '', NULL, 'N;'),
('static_page_checkbox', 0, '', NULL, 'N;'),
('static_page_copy', 0, '', NULL, 'N;'),
('static_page_create', 0, '', NULL, 'N;'),
('static_page_delete', 0, '', NULL, 'N;'),
('static_page_dynamicCat', 0, '', NULL, 'N;'),
('static_page_index', 0, '', NULL, 'N;'),
('Static_Page_Manager', 1, '', NULL, 'N;'),
('static_page_reverseStatus', 0, '', NULL, 'N;'),
('static_page_suggestTitle', 0, '', NULL, 'N;'),
('static_page_update', 0, '', NULL, 'N;'),
('static_page_updateSuggest', 0, '', NULL, 'N;'),
('Upload_Image', 1, '', NULL, 'N;'),
('user_changePassword', 0, '', NULL, 'N;'),
('user_checkbox', 0, '', NULL, 'N;'),
('user_create', 0, '', NULL, 'N;'),
('user_delete', 0, '', NULL, 'N;'),
('user_index', 0, '', NULL, 'N;'),
('User_Manager', 1, '', NULL, 'N;'),
('user_resetPassword', 0, '', NULL, 'N;'),
('user_reverseStatus', 0, '', NULL, 'N;'),
('user_suggestEmail', 0, '', NULL, 'N;'),
('user_suggestUsername', 0, '', NULL, 'N;'),
('user_update', 0, '', NULL, 'N;'),
('video_checkbox', 0, '', NULL, 'N;'),
('video_create', 0, '', NULL, 'N;'),
('Video_Creater', 1, '', NULL, 'N;'),
('video_delete', 0, '', NULL, 'N;'),
('Video_Editor', 1, '', NULL, 'N;'),
('video_index', 0, '', NULL, 'N;'),
('Video_Manager', 1, '', NULL, 'N;'),
('video_own_update', 0, '', 'return Yii::app()->user->id==$params ["video"]->created_by;', 'N;'),
('video_reverseStatus', 0, '', NULL, 'N;'),
('video_suggestTitle', 0, '', NULL, 'N;'),
('video_update', 0, '', NULL, 'N;');

-- --------------------------------------------------------

--
-- Table structure for table `authitemchild`
--

CREATE TABLE IF NOT EXISTS `authitemchild` (
  `parent` varchar(64) COLLATE utf8_unicode_ci NOT NULL,
  `child` varchar(64) COLLATE utf8_unicode_ci NOT NULL,
  PRIMARY KEY (`parent`,`child`),
  KEY `child` (`child`)
) ENGINE=InnoDB DEFAULT CHARSET=utf8 COLLATE=utf8_unicode_ci;

--
-- Dumping data for table `authitemchild`
--

INSERT INTO `authitemchild` (`parent`, `child`) VALUES
('Album_Creater', 'album_create'),
('Album_Editor', 'Album_Creater'),
('Album_Manager', 'album_delete'),
('Album_Manager', 'Album_Editor'),
('Album_Creater', 'album_index'),
('Admin', 'Album_Manager'),
('Album_Creater', 'album_own_update'),
('Album_Editor', 'album_reverseStatus'),
('Album_Creater', 'album_suggestTitle'),
('Album_Editor', 'album_update'),
('album_own_update', 'album_update'),
('Banner_Manager', 'banner_checkbox'),
('Banner_Manager', 'banner_create'),
('Banner_Manager', 'banner_delete'),
('Banner_Manager', 'banner_index'),
('Admin', 'Banner_Manager'),
('Manager High School', 'Banner_Manager'),
('Manager PreSchool', 'Banner_Manager'),
('Manager Primary School', 'Banner_Manager'),
('Banner_Manager', 'banner_reverseStatus'),
('Banner_Manager', 'banner_suggestTitle'),
('Banner_Manager', 'banner_update'),
('Category_Manager', 'category_configUrl'),
('Category_Manager', 'category_create'),
('Category_Manager', 'category_delete'),
('Category_Manager', 'category_index'),
('Admin', 'Category_Manager'),
('Manager High School', 'Category_Manager'),
('Manager PreSchool', 'Category_Manager'),
('Manager Primary School', 'Category_Manager'),
('Category_Manager', 'category_setActiveAdminMenu'),
('Category_Manager', 'category_update'),
('Category_Manager', 'category_updateListOrderView'),
('Category_Manager', 'category_validate'),
('Category_Manager', 'category_write'),
('Contact_Manager', 'contact_checkbox'),
('Contact_Manager', 'contact_delete'),
('Contact_Manager', 'contact_index'),
('Admin', 'Contact_Manager'),
('Contact_Manager', 'contact_reverseStatus'),
('Contact_Manager', 'contact_suggestTitle'),
('Contact_Manager', 'contact_view'),
('Entrance_Creater', 'entrance_checkbox'),
('Entrance_Creater', 'entrance_copy'),
('Entrance_Creater', 'entrance_create'),
('Entrance_Editor', 'Entrance_Creater'),
('Entrance_Manager', 'entrance_delete'),
('Entrance_Creater', 'entrance_dynamicCat'),
('Entrance_Manager', 'Entrance_Editor'),
('Entrance_Creater', 'entrance_index'),
('Admin', 'Entrance_Manager'),
('Entrance_Creater', 'entrance_own_update'),
('Entrance_Editor', 'entrance_reverseStatus'),
('Entrance_Creater', 'entrance_suggestTitle'),
('Entrance_Editor', 'entrance_update'),
('entrance_own_update', 'entrance_update'),
('Event_Creater', 'event_checkbox'),
('Event_Creater', 'event_copy'),
('Event_Creater', 'event_create'),
('Event_Editor', 'Event_Creater'),
('Event_Manager', 'event_delete'),
('Event_Creater', 'event_dynamicCat'),
('Event_Manager', 'Event_Editor'),
('Event_Creater', 'event_index'),
('Admin', 'Event_Manager'),
('Event_Editor', 'event_reverseStatus'),
('Event_Creater', 'event_suggestTitle'),
('Event_Editor', 'event_update'),
('event_own_update', 'event_update'),
('Event_Creater', 'event_updateSuggest'),
('High_School_Editor', 'High_School_Creater'),
('High_School_Manager', 'High_School_Editor'),
('Admin', 'High_School_Manager'),
('Manager High School', 'High_School_Manager'),
('High_School_Creater', 'highSchool_checkbox'),
('High_School_Creater', 'highSchool_copy'),
('High_School_Creater', 'highSchool_create'),
('High_School_Manager', 'highSchool_delete'),
('High_School_Creater', 'highSchool_dynamicCat'),
('High_School_Creater', 'highSchool_index'),
('High_School_Creater', 'highSchool_own_update'),
('High_School_Editor', 'highSchool_reverseStatus'),
('High_School_Creater', 'highSchool_suggestTitle'),
('High_School_Editor', 'highSchool_update'),
('highSchool_own_update', 'highSchool_update'),
('High_School_Creater', 'highSchool_updateSuggest'),
('Image_Manager', 'image_clear'),
('Image_Manager', 'image_delete'),
('Upload_Image', 'image_delete'),
('Image_Manager', 'image_list'),
('Admin', 'Image_Manager'),
('Image_Manager', 'image_reverseStatus'),
('Image_Manager', 'image_suggestTitle'),
('Image_Manager', 'image_update'),
('Upload_Image', 'image_upload'),
('Keyword_Manager', 'keyword_checkbox'),
('Keyword_Manager', 'keyword_create'),
('Keyword_Manager', 'keyword_delete'),
('Keyword_Manager', 'keyword_index'),
('Admin', 'Keyword_Manager'),
('Keyword_Manager', 'keyword_reverseStatus'),
('Keyword_Manager', 'keyword_suggestName'),
('Keyword_Manager', 'keyword_update'),
('Language_Manager', 'language_create'),
('Language_Manager', 'language_delete'),
('Language_Manager', 'language_edit'),
('Language_Manager', 'language_export'),
('Language_Manager', 'language_import'),
('Admin', 'Language_Manager'),
('Admin', 'Manager High School'),
('Admin', 'Manager PreSchool'),
('Admin', 'Manager Primary School'),
('Menu_Manager', 'menu_configUrl'),
('Menu_Manager', 'menu_create'),
('Menu_Manager', 'menu_delete'),
('Menu_Manager', 'menu_index'),
('Admin', 'Menu_Manager'),
('Menu_Manager', 'menu_setActiveAdminMenu'),
('Menu_Manager', 'menu_update'),
('Menu_Manager', 'menu_updateListOrderView'),
('Menu_Manager', 'menu_validate'),
('Menu_Manager', 'menu_write'),
('News_Creater', 'news_checkbox'),
('News_Creater', 'news_copy'),
('News_Creater', 'news_create'),
('News_Editor', 'News_Creater'),
('News_Manager', 'news_delete'),
('News_Creater', 'news_dynamicCat'),
('News_Manager', 'News_Editor'),
('News_Creater', 'news_index'),
('Admin', 'News_Manager'),
('News_Creater', 'news_own_update'),
('News_Editor', 'news_reverseStatus'),
('News_Creater', 'news_suggestTitle'),
('News_Editor', 'news_update'),
('news_own_update', 'news_update'),
('News_Creater', 'news_updateSuggest'),
('Notice_Creater', 'notice_checkbox'),
('Notice_Creater', 'notice_copy'),
('Notice_Creater', 'notice_create'),
('Notice_Editor', 'Notice_Creater'),
('Notice_Manager', 'notice_delete'),
('Notice_Creater', 'notice_dynamicCat'),
('Notice_Manager', 'Notice_Editor'),
('Notice_Creater', 'notice_index'),
('Admin', 'Notice_Manager'),
('Notice_Creater', 'notice_own_update'),
('Notice_Editor', 'notice_reverseStatus'),
('Notice_Creater', 'notice_suggestTitle'),
('Notice_Editor', 'notice_update'),
('notice_own_update', 'notice_update'),
('Notice_Creater', 'notice_updateSuggest'),
('PreSchool_Creater', 'preschool_checkbox'),
('PreSchool_Creater', 'preschool_copy'),
('PreSchool_Creater', 'preschool_create'),
('PreSchool_Editor', 'PreSchool_Creater'),
('PreSchool_Manager', 'preschool_delete'),
('PreSchool_Creater', 'preschool_dynamicCat'),
('PreSchool_Manager', 'PreSchool_Editor'),
('PreSchool_Creater', 'preschool_index'),
('Admin', 'PreSchool_Manager'),
('Manager PreSchool', 'PreSchool_Manager'),
('PreSchool_Creater', 'preschool_own_update'),
('PreSchool_Editor', 'preschool_reverseStatus'),
('PreSchool_Creater', 'preschool_suggestTitle'),
('PreSchool_Editor', 'preschool_update'),
('preschool_own_update', 'preschool_update'),
('PreSchool_Creater', 'preschool_updateSuggest'),
('Primary_School_Editor', 'Primary_School_Creater'),
('Primary_School_Manager', 'Primary_School_Editor'),
('Admin', 'Primary_School_Manager'),
('Manager Primary School', 'Primary_School_Manager'),
('Primary_School_Creater', 'primarySchool_checkbox'),
('Primary_School_Creater', 'primarySchool_copy'),
('Primary_School_Creater', 'primarySchool_create'),
('Primary_School_Manager', 'primarySchool_delete'),
('Primary_School_Creater', 'primarySchool_dynamicCat'),
('Primary_School_Creater', 'primarySchool_index'),
('Primary_School_Creater', 'primarySchool_own_update'),
('Primary_School_Editor', 'primarySchool_reverseStatus'),
('Primary_School_Creater', 'primarySchool_suggestTitle'),
('Primary_School_Editor', 'primarySchool_update'),
('primarySchool_own_update', 'primarySchool_update'),
('Primary_School_Creater', 'primarySchool_updateSuggest'),
('QA_Manager', 'qa_checkbox'),
('QA_Manager', 'qa_create'),
('QA_Manager', 'qa_delete'),
('QA_Manager', 'qa_index'),
('Admin', 'QA_Manager'),
('QA_Manager', 'qa_reverseStatus'),
('QA_Manager', 'qa_suggestTitle'),
('QA_Manager', 'qa_update'),
('Role_Manager', 'role_create'),
('Role_Manager', 'role_delete'),
('Role_Manager', 'role_index'),
('Admin', 'Role_Manager'),
('Role_Manager', 'role_update'),
('Role_Manager', 'role_validate'),
('Role_Manager', 'role_write'),
('Setting_Manager', 'setting_checkbox'),
('Setting_Manager', 'setting_create'),
('Setting_Manager', 'setting_delete'),
('Setting_Manager', 'setting_index'),
('Admin', 'Setting_Manager'),
('Setting_Manager', 'setting_reverseStatus'),
('Setting_Manager', 'setting_suggestName'),
('Setting_Manager', 'setting_update'),
('Static_Page_Manager', 'static_page_checkbox'),
('Static_Page_Manager', 'static_page_copy'),
('Static_Page_Manager', 'static_page_create'),
('Static_Page_Manager', 'static_page_delete'),
('Static_Page_Manager', 'static_page_dynamicCat'),
('Static_Page_Manager', 'static_page_index'),
('Admin', 'Static_Page_Manager'),
('Static_Page_Manager', 'static_page_reverseStatus'),
('Static_Page_Manager', 'static_page_suggestTitle'),
('Static_Page_Manager', 'static_page_update'),
('Static_Page_Manager', 'static_page_updateSuggest'),
('Admin', 'Upload_Image'),
('User_Manager', 'user_changePassword'),
('User_Manager', 'user_checkbox'),
('User_Manager', 'user_create'),
('User_Manager', 'user_delete'),
('User_Manager', 'user_index'),
('Admin', 'User_Manager'),
('User_Manager', 'user_resetPassword'),
('User_Manager', 'user_reverseStatus'),
('User_Manager', 'user_suggestEmail'),
('User_Manager', 'user_suggestUsername'),
('User_Manager', 'user_update'),
('Video_Editor', 'video_checkbox'),
('Video_Creater', 'video_create'),
('Video_Editor', 'Video_Creater'),
('Video_Manager', 'video_delete'),
('Video_Manager', 'Video_Editor'),
('Video_Creater', 'video_index'),
('Admin', 'Video_Manager'),
('Video_Creater', 'video_own_update'),
('Video_Editor', 'video_reverseStatus'),
('Video_Creater', 'video_suggestTitle'),
('Video_Editor', 'video_update'),
('video_own_update', 'video_update');

-- --------------------------------------------------------

--
-- Table structure for table `tbl_role`
--

CREATE TABLE IF NOT EXISTS `tbl_role` (
  `id` int(11) NOT NULL AUTO_INCREMENT,
  `type` tinyint(11) NOT NULL,
  `name` varchar(64) COLLATE utf8_unicode_ci NOT NULL,
  `parent_id` int(11) NOT NULL,
  `category` varchar(32) COLLATE utf8_unicode_ci NOT NULL,
  `other` varchar(2048) COLLATE utf8_unicode_ci NOT NULL,
  `created_by` int(11) NOT NULL,
  `created_date` int(11) NOT NULL,
  PRIMARY KEY (`id`)
) ENGINE=InnoDB  DEFAULT CHARSET=utf8 COLLATE=utf8_unicode_ci AUTO_INCREMENT=323 ;

--
-- Dumping data for table `tbl_role`
--

INSERT INTO `tbl_role` (`id`, `type`, `name`, `parent_id`, `category`, `other`, `created_by`, `created_date`) VALUES
(1, 1, 'album_index', 0, 'album', '{"description":"","modified":"{\\"1339061118\\":\\"1\\",\\"1339061225\\":\\"1\\",\\"1341287650\\":\\"1\\",\\"1341287653\\":\\"1\\"}","bizRule":"","value":[]}', 1, 1338350490),
(3, 1, 'album_delete', 0, 'album', '{"description":"","modified":"{\\"1339061230\\":\\"1\\"}","bizRule":"","value":[]}', 1, 1338350500),
(4, 1, 'album_create', 0, 'album', '{"description":"","modified":"{\\"1339061234\\":\\"1\\",\\"1341287657\\":\\"1\\"}","bizRule":"","value":[]}', 1, 1338350503),
(5, 1, 'album_own_update', 0, 'album', '{"description":"","modified":"{\\"1338372517\\":\\"1\\",\\"1338372528\\":\\"1\\",\\"1338372630\\":\\"1\\",\\"1338373413\\":\\"1\\",\\"1338373458\\":\\"1\\",\\"1338373744\\":\\"1\\",\\"1339061240\\":\\"1\\"}","value":[],"bizRule":"return Yii::app()->user->id==$params [\\"album\\"]->created_by;"}', 1, 1338350532),
(6, 1, 'album_reverseStatus', 0, 'album', '{"description":"","modified":"{\\"1339061251\\":\\"1\\"}","bizRule":"","value":[]}', 1, 1338350537),
(7, 1, 'album_suggestTitle', 0, 'banner', '{"description":"","modified":"{\\"1339061255\\":\\"1\\",\\"1339061266\\":\\"1\\"}","bizRule":"","value":[]}', 1, 1338350573),
(8, 2, 'Album_Manager', 0, '', '{"value":["3"],"description":"","modified":"{\\"1338351001\\":\\"1\\",\\"1338353846\\":\\"1\\",\\"1338353856\\":\\"1\\",\\"1338353918\\":\\"1\\",\\"1338353992\\":\\"1\\",\\"1338354717\\":\\"1\\",\\"1338354855\\":\\"1\\",\\"1338354898\\":\\"1\\",\\"1338354919\\":\\"1\\",\\"1338355059\\":\\"1\\",\\"1338363932\\":\\"1\\",\\"1338364252\\":\\"1\\",\\"1338364667\\":\\"1\\",\\"1338364929\\":\\"1\\",\\"1338364942\\":\\"1\\",\\"1338364963\\":\\"1\\",\\"1338364997\\":\\"1\\",\\"1338365118\\":\\"1\\",\\"1338365132\\":\\"1\\",\\"1338365173\\":\\"1\\",\\"1338365184\\":\\"1\\",\\"1338365418\\":\\"1\\",\\"1338365621\\":\\"1\\",\\"1338365705\\":\\"1\\",\\"1338365752\\":\\"1\\",\\"1338373841\\":\\"1\\",\\"1338521178\\":\\"1\\",\\"1338521180\\":\\"1\\",\\"1339059128\\":\\"1\\"}"}', 1, 1338350597),
(9, 2, 'Album_Editor', 8, '', '{"value":["164","6"],"description":"","modified":"{\\"1338351007\\":\\"1\\",\\"1338353502\\":\\"1\\",\\"1338353869\\":\\"1\\",\\"1338353998\\":\\"1\\",\\"1338365681\\":\\"1\\",\\"1338365700\\":\\"1\\",\\"1338365760\\":\\"1\\",\\"1338373850\\":\\"1\\",\\"1338521187\\":\\"1\\",\\"1338521189\\":\\"1\\",\\"1339058962\\":\\"1\\",\\"1339059102\\":\\"1\\"}"}', 1, 1338350605),
(10, 2, 'Album_Creater', 9, '', '{"value":["1","4","5","7"],"description":"","modified":"{\\"1338351009\\":\\"1\\",\\"1338353528\\":\\"1\\",\\"1338354003\\":\\"1\\",\\"1338365766\\":\\"1\\",\\"1338368241\\":\\"1\\",\\"1338373866\\":\\"1\\",\\"1338521200\\":\\"1\\",\\"1339058968\\":\\"1\\"}"}', 1, 1338350621),
(11, 3, 'Admin', 0, '', '{"value":["8","268","269","272","311","314","317","133","136","137","138","141","142","143","144","145","152","153","154","155","156","206"],"description":"","modified":"{\\"1338366376\\":\\"1\\",\\"1338773682\\":\\"1\\",\\"1338783816\\":\\"1\\",\\"1338787523\\":\\"1\\",\\"1339045254\\":\\"1\\",\\"1339064127\\":\\"1\\",\\"1341291330\\":\\"1\\",\\"1341291396\\":\\"1\\",\\"1341293188\\":\\"1\\",\\"1341304256\\":\\"1\\"}"}', 1, 1338351231),
(14, 1, 'banner_index', 0, 'banner', '{"description":"","modified":"{\\"1339061263\\":\\"1\\",\\"1339061270\\":\\"1\\"}","bizRule":"","value":[]}', 1, 1338352039),
(15, 1, 'banner_create', 0, 'banner', '{"description":"","modified":"{\\"1339061275\\":\\"1\\"}","bizRule":"","value":[]}', 1, 1338352045),
(16, 1, 'banner_suggestTitle', 0, 'banner', '{"description":"","modified":"{\\"1339061281\\":\\"1\\"}","bizRule":"","value":[]}', 1, 1338352052),
(17, 1, 'banner_update', 0, 'banner', '{"description":"","modified":"{\\"1338440180\\":\\"1\\",\\"1338442064\\":\\"1\\",\\"1339061288\\":\\"1\\"}","bizRule":"","value":[]}', 1, 1338352059),
(18, 1, 'banner_reverseStatus', 0, 'banner', '{"description":"","modified":"{\\"1339061293\\":\\"1\\"}","bizRule":"","value":[]}', 1, 1338352065),
(19, 1, 'banner_delete', 0, 'banner', '{"description":"","modified":"{\\"1339061304\\":\\"1\\"}","bizRule":"","value":[]}', 1, 1338352073),
(20, 1, 'banner_checkbox', 0, 'banner', '{"description":"","modified":"{\\"1339061316\\":\\"1\\"}","bizRule":"","value":[]}', 1, 1338352083),
(21, 1, 'category_index', 0, 'category', '{"description":"","modified":"{\\"1339061323\\":\\"1\\",\\"1339061334\\":\\"1\\"}","bizRule":"","value":[]}', 1, 1338352095),
(22, 1, 'category_create', 0, 'category', '{"description":"","modified":"{\\"1339061340\\":\\"1\\"}","bizRule":"","value":[]}', 1, 1338352102),
(23, 1, 'category_write', 0, 'category', '{"description":"","modified":"{\\"1339061345\\":\\"1\\"}","bizRule":"","value":[]}', 1, 1338352108),
(24, 1, 'category_validate', 0, 'category', '{"description":"","modified":"{\\"1339061352\\":\\"1\\",\\"1339061422\\":\\"1\\"}","bizRule":"","value":[]}', 1, 1338352119),
(25, 1, 'category_update', 0, 'category', '{"description":"","modified":"{\\"1338440224\\":\\"1\\",\\"1338442400\\":\\"1\\",\\"1339061370\\":\\"1\\"}","bizRule":"","value":[]}', 1, 1338352132),
(26, 1, 'category_updateListOrderView', 0, 'category', '{"description":"","modified":"{\\"1339061386\\":\\"1\\"}","bizRule":"","value":[]}', 1, 1338352144),
(27, 1, 'category_delete', 0, 'category', '{"description":"","modified":"{\\"1339061434\\":\\"1\\"}","bizRule":"","value":[]}', 1, 1338352153),
(28, 1, 'category_configUrl', 0, 'category', '{"description":"","modified":"{\\"1339061439\\":\\"1\\"}","bizRule":"","value":[]}', 1, 1338352161),
(29, 1, 'category_setActiveAdminMenu', 0, 'category', '{"description":"","modified":"{\\"1339061446\\":\\"1\\"}","bizRule":"","value":[]}', 1, 1338352171),
(30, 1, 'contact_view', 0, 'contact', '{"description":"","modified":"{\\"1339061473\\":\\"1\\"}","bizRule":"","value":[]}', 1, 1338352198),
(31, 1, 'contact_index', 0, 'contact', '{"description":"","modified":"{\\"1339061487\\":\\"1\\"}","bizRule":"","value":[]}', 1, 1338352207),
(33, 1, 'contact_suggestTitle', 0, 'contact', '{"description":"","modified":"{\\"1341226052\\":\\"1\\"}","bizRule":"","value":[]}', 1, 1338352225),
(35, 1, 'contact_reverseStatus', 0, 'contact', '{"description":"","modified":"{\\"1341226531\\":\\"1\\",\\"1341226552\\":\\"1\\"}","bizRule":"","value":[]}', 1, 1338352250),
(36, 1, 'contact_delete', 0, 'contact', '{"description":"","modified":"{\\"1341226562\\":\\"1\\"}","bizRule":"","value":[]}', 1, 1338352260),
(37, 1, 'contact_checkbox', 0, 'contact', '{"description":"","modified":"{\\"1341226572\\":\\"1\\"}","bizRule":"","value":[]}', 1, 1338352268),
(38, 1, 'video_index', 0, 'video', '{"description":"","modified":"{\\"1341226589\\":\\"1\\"}","bizRule":"","value":[]}', 1, 1338352286),
(39, 1, 'video_create', 0, 'video', '{"description":"","modified":"{\\"1341226596\\":\\"1\\"}","bizRule":"","value":[]}', 1, 1338352294),
(40, 1, 'video_suggestTitle', 0, 'video', '{"description":"","modified":"{\\"1341226601\\":\\"1\\"}","bizRule":"","value":[]}', 1, 1338352304),
(41, 1, 'video_own_update', 0, 'video', '{"description":"","modified":"{\\"1338440343\\":\\"1\\",\\"1341226606\\":\\"1\\"}","bizRule":"return Yii::app()->user->id==$params [\\"video\\"]->created_by;","value":[]}', 1, 1338352314),
(42, 1, 'video_reverseStatus', 0, 'video', '{"description":"","modified":"{\\"1341226613\\":\\"1\\"}","bizRule":"","value":[]}', 1, 1338352324),
(43, 1, 'video_delete', 0, 'video', '{"description":"","modified":"{\\"1341226621\\":\\"1\\"}","bizRule":"","value":[]}', 1, 1338352334),
(44, 1, 'video_checkbox', 0, 'video', '{"description":"","modified":"{\\"1341226634\\":\\"1\\"}","bizRule":"","value":[]}', 1, 1338352343),
(45, 1, 'image_upload', 0, 'image', '{"description":"","modified":"{\\"1341226639\\":\\"1\\"}","bizRule":"","value":[]}', 1, 1338352355),
(46, 1, 'image_list', 0, 'image', '{"description":"","modified":"{\\"1341226646\\":\\"1\\"}","bizRule":"","value":[]}', 1, 1338352367),
(47, 1, 'image_suggestTitle', 0, 'image', '{"description":"","modified":"{\\"1341226652\\":\\"1\\"}","bizRule":"","value":[]}', 1, 1338352381),
(48, 1, 'image_update', 0, 'image', '{"description":"","modified":"{\\"1341226672\\":\\"1\\"}","bizRule":"","value":[]}', 1, 1338352392),
(49, 1, 'image_reverseStatus', 0, 'image', '{"description":"","modified":"{\\"1341226679\\":\\"1\\"}","bizRule":"","value":[]}', 1, 1338352406),
(50, 1, 'image_delete', 0, 'image', '{"description":"","modified":"{\\"1341226685\\":\\"1\\"}","bizRule":"","value":[]}', 1, 1338352416),
(51, 1, 'image_clear', 0, 'image', '{"description":"","modified":"{\\"1341226691\\":\\"1\\"}","bizRule":"","value":[]}', 1, 1338352424),
(52, 1, 'keyword_index', 0, 'keyword', '{"description":"","modified":"{\\"1341226901\\":\\"1\\"}","bizRule":"","value":[]}', 1, 1338352439),
(53, 1, 'keyword_create', 0, 'keyword', '{"description":"","modified":"{\\"1341226906\\":\\"1\\"}","bizRule":"","value":[]}', 1, 1338352450),
(54, 1, 'keyword_suggestName', 0, 'keyword', '{"description":"","modified":"{\\"1341226911\\":\\"1\\"}","bizRule":"","value":[]}', 1, 1338352460),
(55, 1, 'keyword_update', 0, 'keyword', '{"description":"","modified":"{\\"1341226919\\":\\"1\\"}","bizRule":"","value":[]}', 1, 1338352468),
(56, 1, 'keyword_reverseStatus', 0, 'keyword', '{"description":"","modified":"{\\"1341226923\\":\\"1\\"}","bizRule":"","value":[]}', 1, 1338352476),
(57, 1, 'keyword_delete', 0, 'keyword', '{"description":"","modified":"{\\"1341226928\\":\\"1\\"}","bizRule":"","value":[]}', 1, 1338352484),
(58, 1, 'keyword_checkbox', 0, 'keyword', '{"description":"","modified":"{\\"1341226934\\":\\"1\\"}","bizRule":"","value":[]}', 1, 1338352490),
(59, 1, 'language_edit', 0, 'language', '{"description":"","modified":"{\\"1341287318\\":\\"1\\"}","bizRule":"","value":[]}', 1, 1338352506),
(60, 1, 'language_create', 0, 'language', '{"description":"","modified":"{\\"1341287323\\":\\"1\\"}","bizRule":"","value":[]}', 1, 1338352515),
(61, 1, 'language_delete', 0, 'language', '{"description":"","modified":"{\\"1341287328\\":\\"1\\"}","bizRule":"","value":[]}', 1, 1338352526),
(62, 1, 'language_import', 0, 'language', '{"description":"","modified":"{\\"1341287334\\":\\"1\\"}","bizRule":"","value":[]}', 1, 1338352537),
(63, 1, 'language_export', 0, 'language', '{"description":"","modified":"{\\"1341287338\\":\\"1\\"}","bizRule":"","value":[]}', 1, 1338352558),
(64, 1, 'news_index', 0, 'news', '{"description":"","modified":"{\\"1341287344\\":\\"1\\"}","bizRule":"","value":[]}', 1, 1338352572),
(65, 1, 'news_create', 0, 'news', '{"description":"","modified":"{\\"1341287350\\":\\"1\\"}","bizRule":"","value":[]}', 1, 1338352579),
(66, 1, 'news_suggestTitle', 0, 'news', '{"description":"","modified":"{\\"1341287354\\":\\"1\\"}","bizRule":"","value":[]}', 1, 1338352590),
(67, 1, 'news_own_update', 0, 'news', '{"description":"","modified":"{\\"1338440407\\":\\"1\\",\\"1341287359\\":\\"1\\"}","bizRule":"return Yii::app()->user->id==$params [\\"news\\"]->created_by;","value":[]}', 1, 1338352593),
(68, 1, 'news_reverseStatus', 0, 'news', '{"description":"","modified":"{\\"1341287365\\":\\"1\\"}","bizRule":"","value":[]}', 1, 1338352601),
(69, 1, 'news_delete', 0, 'news', '{"description":"","modified":"{\\"1341287374\\":\\"1\\"}","bizRule":"","value":[]}', 1, 1338352610),
(70, 1, 'news_checkbox', 0, 'news', '{"description":"","modified":"{\\"1341287381\\":\\"1\\"}","bizRule":"","value":[]}', 1, 1338352617),
(71, 1, 'news_copy', 0, 'news', '{"description":"","modified":"{\\"1341287387\\":\\"1\\"}","bizRule":"","value":[]}', 1, 1338352625),
(72, 1, 'news_dynamicCat', 0, 'news', '{"description":"","modified":"{\\"1341287393\\":\\"1\\"}","bizRule":"","value":[]}', 1, 1338352637),
(73, 1, 'news_updateSuggest', 0, 'news', '{"description":"","modified":"{\\"1341287398\\":\\"1\\"}","bizRule":"","value":[]}', 1, 1338352646),
(93, 1, 'qa_index', 0, 'qa', '{"description":"","modified":"{\\"1341287409\\":\\"1\\",\\"1341287419\\":\\"1\\"}","bizRule":"","value":[]}', 1, 1338352818),
(94, 1, 'qa_create', 0, 'qa', '{"description":"","modified":"{\\"1341287425\\":\\"1\\"}","bizRule":"","value":[]}', 1, 1338352825),
(95, 1, 'qa_suggestTitle', 0, 'qa', '{"description":"","modified":"{\\"1341287430\\":\\"1\\"}","bizRule":"","value":[]}', 1, 1338352840),
(96, 1, 'qa_update', 0, 'qa', '{"description":"","modified":"{\\"1341287434\\":\\"1\\"}","bizRule":"","value":[]}', 1, 1338352842),
(97, 1, 'qa_reverseStatus', 0, 'qa', '{"description":"","modified":"{\\"1341287439\\":\\"1\\"}","bizRule":"","value":[]}', 1, 1338352850),
(98, 1, 'qa_delete', 0, 'qa', '{"description":"","modified":"{\\"1341287443\\":\\"1\\"}","bizRule":"","value":[]}', 1, 1338352859),
(99, 1, 'qa_checkbox', 0, 'qa', '{"description":"","modified":"{\\"1341287449\\":\\"1\\"}","bizRule":"","value":[]}', 1, 1338352866),
(100, 1, 'setting_index', 0, 'setting', '{"description":"","modified":"{\\"1341287453\\":\\"1\\"}","bizRule":"","value":[]}', 1, 1338352972),
(101, 1, 'setting_create', 0, 'setting', '{"description":"","modified":"{\\"1341287457\\":\\"1\\"}","bizRule":"","value":[]}', 1, 1338352980),
(102, 1, 'setting_suggestName', 0, 'setting', '{"description":"","modified":"{\\"1341287462\\":\\"1\\"}","bizRule":"","value":[]}', 1, 1338352987),
(103, 1, 'setting_update', 0, 'setting', '{"description":"","modified":"{\\"1341287467\\":\\"1\\"}","bizRule":"","value":[]}', 1, 1338352994),
(104, 1, 'setting_reverseStatus', 0, 'setting', '{"description":"","modified":"{\\"1341287471\\":\\"1\\"}","bizRule":"","value":[]}', 1, 1338353000),
(105, 1, 'setting_delete', 0, 'setting', '{"description":"","modified":"{\\"1341287475\\":\\"1\\"}","bizRule":"","value":[]}', 1, 1338353008),
(106, 1, 'setting_checkbox', 0, 'setting', '{"description":"","modified":"{\\"1341287481\\":\\"1\\"}","bizRule":"","value":[]}', 1, 1338353014),
(107, 1, 'static_page_index', 0, 'static_page', '{"description":"","modified":"{\\"1341226947\\":\\"1\\"}","bizRule":"","value":[]}', 1, 1338353024),
(108, 1, 'static_page_create', 0, 'static_page', '{"description":"","modified":"{\\"1341287486\\":\\"1\\"}","bizRule":"","value":[]}', 1, 1338353036),
(109, 1, 'static_page_suggestTitle', 0, 'static_page', '{"description":"","modified":"{\\"1341287490\\":\\"1\\"}","bizRule":"","value":[]}', 1, 1338353039),
(111, 1, 'static_page_reverseStatus', 0, 'static_page', '{"description":"","modified":"{\\"1341287496\\":\\"1\\"}","bizRule":"","value":[]}', 1, 1338353052),
(112, 1, 'static_page_delete', 0, 'static_page', '{"description":"","modified":"{\\"1341287500\\":\\"1\\"}","bizRule":"","value":[]}', 1, 1338353061),
(113, 1, 'static_page_checkbox', 0, 'static_page', '{"description":"","modified":"{\\"1341287505\\":\\"1\\"}","bizRule":"","value":[]}', 1, 1338353064),
(114, 1, 'static_page_copy', 0, 'static_page', '{"description":"","modified":"{\\"1341287512\\":\\"1\\"}","bizRule":"","value":[]}', 1, 1338353069),
(115, 1, 'static_page_dynamicCat', 0, 'static_page', '{"description":"","modified":"{\\"1341287522\\":\\"1\\"}","bizRule":"","value":[]}', 1, 1338353079),
(116, 1, 'static_page_updateSuggest', 0, 'static_page', '{"description":"","modified":"{\\"1341287527\\":\\"1\\"}","bizRule":"","value":[]}', 1, 1338353083),
(117, 1, 'user_index', 0, 'user', '{"description":"","modified":"{\\"1341287532\\":\\"1\\"}","bizRule":"","value":[]}', 1, 1338353124),
(118, 1, 'user_create', 0, 'user', '{"description":"","modified":"{\\"1341287537\\":\\"1\\"}","bizRule":"","value":[]}', 1, 1338353131),
(119, 1, 'user_suggestUsername', 0, 'user', '{"description":"","modified":"{\\"1341287542\\":\\"1\\"}","bizRule":"","value":[]}', 1, 1338353137),
(120, 1, 'user_suggestEmail', 0, 'user', '{"description":"","modified":"{\\"1341287547\\":\\"1\\"}","bizRule":"","value":[]}', 1, 1338353147),
(121, 1, 'user_update', 0, 'user', '{"description":"","modified":"{\\"1341287554\\":\\"1\\"}","bizRule":"","value":[]}', 1, 1338353151),
(122, 1, 'user_reverseStatus', 0, 'user', '{"description":"","modified":"{\\"1341287558\\":\\"1\\"}","bizRule":"","value":[]}', 1, 1338353157),
(123, 1, 'user_delete', 0, 'user', '{"description":"","modified":"{\\"1341287564\\":\\"1\\"}","bizRule":"","value":[]}', 1, 1338353163),
(124, 1, 'user_checkbox', 0, 'user', '{"description":"","modified":"{\\"1341287569\\":\\"1\\"}","bizRule":"","value":[]}', 1, 1338353170),
(125, 1, 'user_changePassword', 0, 'user', '{"description":"","modified":"{\\"1341287574\\":\\"1\\"}","bizRule":"","value":[]}', 1, 1338353175),
(126, 1, 'user_resetPassword', 0, 'user', '{"description":"","modified":"{\\"1341287579\\":\\"1\\"}","bizRule":"","value":[]}', 1, 1338353182),
(127, 1, 'role_index', 0, 'role', '{"description":"","modified":"{\\"1341287583\\":\\"1\\"}","bizRule":"","value":[]}', 1, 1338353383),
(128, 1, 'role_create', 0, 'role', '{"description":"","modified":"{\\"1341287589\\":\\"1\\"}","bizRule":"","value":[]}', 1, 1338353401),
(129, 1, 'role_write', 0, 'role', '{"description":"","modified":"{\\"1341287593\\":\\"1\\"}","bizRule":"","value":[]}', 1, 1338353415),
(130, 1, 'role_validate', 0, 'role', '{"description":"","modified":"{\\"1341287598\\":\\"1\\"}","bizRule":"","value":[]}', 1, 1338353421),
(131, 1, 'role_update', 0, 'role', '{"description":"","modified":"{\\"1341287601\\":\\"1\\"}","bizRule":"","value":[]}', 1, 1338353427),
(132, 1, 'role_delete', 0, 'role', '{"description":"","modified":"{\\"1341287606\\":\\"1\\"}","bizRule":"","value":[]}', 1, 1338353435),
(133, 2, 'Banner_Manager', 0, '', '{"value":["14","15","16","17","18","19","20"],"description":"","modified":"{\\"1338354698\\":\\"1\\",\\"1338365774\\":\\"1\\",\\"1338521210\\":\\"1\\"}"}', 1, 1338353460),
(136, 2, 'Category_Manager', 0, '', '{"value":["21","22","23","24","25","26","27","28","29"],"description":"","modified":"{\\"1338521220\\":\\"1\\"}"}', 1, 1338365845),
(137, 2, 'Contact_Manager', 0, '', '{"value":["30","31","33","35","36","37"],"description":"","modified":"{\\"1338365909\\":\\"1\\",\\"1338521232\\":\\"1\\"}"}', 1, 1338365876),
(138, 2, 'Video_Manager', 0, '', '{"value":["43"],"description":"","modified":"{\\"1338365916\\":\\"1\\",\\"1338365928\\":\\"1\\",\\"1338456729\\":\\"1\\",\\"1338521243\\":\\"1\\",\\"1339059190\\":\\"1\\"}"}', 1, 1338365892),
(139, 2, 'Video_Editor', 138, '', '{"value":["168","42","44"],"description":"","modified":"{\\"1338440619\\":\\"1\\",\\"1338521254\\":\\"1\\",\\"1339058980\\":\\"1\\",\\"1339059164\\":\\"1\\",\\"1339059182\\":\\"1\\"}"}', 1, 1338365949),
(140, 2, 'Video_Creater', 139, '', '{"value":["38","39","40","41"],"description":"","modified":"{\\"1338440566\\":\\"1\\",\\"1338521270\\":\\"1\\",\\"1339058986\\":\\"1\\"}"}', 1, 1338365963),
(141, 2, 'Image_Manager', 0, '', '{"value":["46","47","48","49","50","51"],"description":"","modified":"{\\"1338521281\\":\\"1\\"}"}', 1, 1338366010),
(142, 2, 'Upload_Image', 0, '', '{"value":["45","50"],"description":"","modified":"{\\"1338522652\\":\\"1\\"}"}', 1, 1338366033),
(143, 2, 'Keyword_Manager', 0, '', '{"value":["52","53","54","55","56","57","58"],"description":"","modified":"{\\"1339045046\\":\\"1\\",\\"1339045048\\":\\"1\\"}"}', 1, 1338366052),
(144, 2, 'Language_Manager', 0, '', '{"value":["59","60","61","62","63"],"description":"","modified":"{\\"1339045059\\":\\"1\\",\\"1339045061\\":\\"1\\"}"}', 1, 1338366070),
(145, 2, 'News_Manager', 0, '', '{"value":["69"],"description":"","modified":"{\\"1338456709\\":\\"1\\",\\"1339045076\\":\\"1\\",\\"1339059274\\":\\"1\\"}"}', 1, 1338366090),
(146, 2, 'News_Editor', 145, '', '{"value":["169","68"],"description":"","modified":"{\\"1338440650\\":\\"1\\",\\"1339045087\\":\\"1\\",\\"1339058999\\":\\"1\\",\\"1339059263\\":\\"1\\",\\"1339146604\\":\\"1\\",\\"1341289856\\":\\"1\\"}"}', 1, 1338366108),
(147, 2, 'News_Creater', 146, '', '{"value":["64","65","66","67","70","71","72","73"],"description":"","modified":"{\\"1338368442\\":\\"1\\",\\"1338440665\\":\\"1\\",\\"1339045097\\":\\"1\\",\\"1339059005\\":\\"1\\",\\"1341289637\\":\\"1\\"}"}', 1, 1338366121),
(152, 2, 'QA_Manager', 0, '', '{"value":["93","94","95","96","97","98","99"],"description":"","modified":"{\\"1339045144\\":\\"1\\"}"}', 1, 1338366226),
(153, 2, 'Setting_Manager', 0, '', '{"value":["100","101","102","103","104","105","106"],"description":"","modified":"{\\"1339045152\\":\\"1\\"}"}', 1, 1338366249),
(154, 2, 'Static_Page_Manager', 0, '', '{"value":["107","108","109","111","112","113","114","115","116","207"],"description":"","modified":"{\\"1339045163\\":\\"1\\",\\"1339056811\\":\\"1\\",\\"1339056812\\":\\"1\\"}"}', 1, 1338366266),
(155, 2, 'User_Manager', 0, '', '{"value":["117","118","119","120","121","122","123","124","125","126"],"description":"","modified":"{\\"1339045174\\":\\"1\\"}"}', 1, 1338366287),
(156, 2, 'Role_Manager', 0, '', '{"value":["127","128","129","130","131","132"],"description":"","modified":"{\\"1339045181\\":\\"1\\"}"}', 1, 1338366316),
(164, 1, 'album_update', 5, 'album', '{"description":"","value":[],"modified":"{\\"1339061247\\":\\"1\\",\\"1341287665\\":\\"1\\"}","bizRule":""}', 1, 1338372545),
(168, 1, 'video_update', 41, 'video', '{"bizRule":"","description":"","value":[],"modified":"{\\"1341287692\\":\\"1\\"}"}', 1, 1338440354),
(169, 1, 'news_update', 67, 'news', '{"bizRule":"","description":"","value":[],"modified":"{\\"1341287677\\":\\"1\\"}"}', 1, 1338440428),
(197, 1, 'menu_index', 0, 'menu', '{"bizRule":"","description":"","value":[],"modified":"{\\"1341287611\\":\\"1\\"}"}', 1, 1339044916),
(198, 1, 'menu_create', 0, 'menu', '{"bizRule":"","description":"","value":[],"modified":"{\\"1341287615\\":\\"1\\"}"}', 1, 1339044925),
(199, 1, 'menu_write', 0, 'menu', '{"bizRule":"","description":"","value":[],"modified":"{\\"1341287621\\":\\"1\\"}"}', 1, 1339044932),
(200, 1, 'menu_validate', 0, 'menu', '{"bizRule":"","description":"","value":[],"modified":"{\\"1341287627\\":\\"1\\"}"}', 1, 1339044954),
(201, 1, 'menu_update', 0, 'menu', '{"bizRule":"","description":"","value":[],"modified":"{\\"1341287631\\":\\"1\\"}"}', 1, 1339044961),
(202, 1, 'menu_updateListOrderView', 0, 'menu', '{"bizRule":"","description":"","value":[],"modified":"{\\"1341287636\\":\\"1\\"}"}', 1, 1339044969),
(203, 1, 'menu_delete', 0, 'menu', '{"bizRule":"","description":"","value":[],"modified":"{\\"1341287641\\":\\"1\\"}"}', 1, 1339044975),
(204, 1, 'menu_configUrl', 0, 'menu', '{"bizRule":"","description":"","value":[],"modified":"{\\"1341287644\\":\\"1\\"}"}', 1, 1339044982),
(205, 1, 'menu_setActiveAdminMenu', 0, 'menu', '{"bizRule":"","description":"","value":[],"modified":"{\\"1339061515\\":\\"1\\",\\"1339061529\\":\\"1\\"}"}', 1, 1339044988),
(206, 2, 'Menu_Manager', 0, '', '{"value":["197","198","199","200","201","202","203","204","205"],"description":""}', 1, 1339045242),
(207, 1, 'static_page_update', 0, 'static_page', '{"bizRule":"","description":"","value":[],"modified":"{\\"1339061501\\":\\"1\\"}"}', 1, 1339056761),
(222, 1, 'entrance_index', 0, 'entrance', '{"bizRule":"","description":"","value":[]}', 1, 1341288041),
(223, 1, 'entrance_create', 0, 'entrance', '{"bizRule":"","description":"","value":[]}', 1, 1341288108),
(224, 1, 'entrance_suggestTitle', 0, 'entrance', '{"bizRule":"","description":"","value":[]}', 1, 1341288120),
(225, 1, 'entrance_reverseStatus', 0, 'entrance', '{"bizRule":"","description":"","value":[]}', 1, 1341288179),
(226, 1, 'entrance_delete', 0, 'entrance', '{"bizRule":"","description":"","value":[]}', 1, 1341288193),
(227, 1, 'entrance_checkbox', 0, 'entrance', '{"bizRule":"","description":"","value":[]}', 1, 1341288209),
(228, 1, 'entrance_copy', 0, 'entrance', '{"bizRule":"","description":"","value":[]}', 1, 1341288223),
(229, 1, 'entrance_dynamicCat', 0, 'entrance', '{"bizRule":"","description":"","value":[]}', 1, 1341288235),
(230, 1, 'entrance_updateSuggest', 0, 'entrance', '{"bizRule":"","description":"","value":[]}', 1, 1341288243),
(231, 1, 'entrance_own_update', 0, 'entrance', '{"bizRule":"return Yii::app()->user->id==$params [\\"entrance\\"]->created_by;","description":"","value":[]}', 1, 1341288297),
(232, 1, 'entrance_update', 231, 'entrance', '{"bizRule":"","description":"","value":[]}', 1, 1341288339),
(233, 1, 'event_index', 0, 'event', '{"bizRule":"","description":"","value":[]}', 1, 1341288380),
(234, 1, 'event_create', 0, 'event', '{"bizRule":"","description":"","value":[]}', 1, 1341288464),
(235, 1, 'event_suggestTitle', 0, 'event', '{"bizRule":"","description":"","value":[]}', 1, 1341288479),
(236, 1, 'event_reverseStatus', 0, 'event', '{"bizRule":"","description":"","value":[]}', 1, 1341288490),
(237, 1, 'event_delete', 0, 'event', '{"bizRule":"","description":"","value":[]}', 1, 1341288506),
(238, 1, 'event_checkbox', 0, 'event', '{"bizRule":"","description":"","value":[]}', 1, 1341288519),
(239, 1, 'event_copy', 0, 'event', '{"bizRule":"","description":"","value":[]}', 1, 1341288528),
(240, 1, 'event_dynamicCat', 0, 'event', '{"bizRule":"","description":"","value":[]}', 1, 1341288539),
(241, 1, 'event_updateSuggest', 0, 'event', '{"bizRule":"","description":"","value":[]}', 1, 1341288548),
(242, 1, 'event_own_update', 0, 'event', '{"bizRule":"return Yii::app()->user->id==$params [\\"event\\"]->created_by;","description":"","value":[],"modified":"{\\"1341288585\\":\\"1\\",\\"1341288611\\":\\"1\\"}"}', 1, 1341288558),
(243, 1, 'event_update', 242, 'event', '{"bizRule":"","description":"","value":[]}', 1, 1341288577),
(244, 1, 'notice_index', 0, 'notice', '{"bizRule":"","description":"","value":[]}', 1, 1341288656),
(245, 1, 'notice_create', 0, 'notice', '{"bizRule":"","description":"","value":[]}', 1, 1341288668),
(246, 1, 'notice_suggestTitle', 0, 'notice', '{"bizRule":"","description":"","value":[]}', 1, 1341288683),
(247, 1, 'notice_reverseStatus', 0, 'notice', '{"bizRule":"","description":"","value":[]}', 1, 1341288698),
(248, 1, 'notice_delete', 0, 'notice', '{"bizRule":"","description":"","value":[]}', 1, 1341288728),
(249, 1, 'notice_checkbox', 0, 'notice', '{"bizRule":"","description":"","value":[]}', 1, 1341288739),
(250, 1, 'notice_copy', 0, 'notice', '{"bizRule":"","description":"","value":[]}', 1, 1341288747),
(251, 1, 'notice_dynamicCat', 0, 'notice', '{"bizRule":"","description":"","value":[]}', 1, 1341288755),
(252, 1, 'notice_updateSuggest', 0, 'notice', '{"bizRule":"","description":"","value":[]}', 1, 1341288762),
(253, 1, 'notice_own_update', 0, 'notice', '{"bizRule":"return Yii::app()->user->id==$params [\\"notice\\"]->created_by;","description":"","value":[]}', 1, 1341288838),
(254, 1, 'notice_update', 253, 'notice', '{"bizRule":"","description":"","value":[]}', 1, 1341288914),
(266, 2, 'Entrance_Creater', 267, '', '{"value":["222","223","224","227","228","229","231"],"description":"","modified":"{\\"1341289895\\":\\"1\\"}"}', 1, 1341289687),
(267, 2, 'Entrance_Editor', 268, '', '{"value":["225","232"],"description":"","modified":"{\\"1341289879\\":\\"1\\",\\"1341289887\\":\\"1\\",\\"1341289928\\":\\"1\\"}"}', 1, 1341289842),
(268, 2, 'Entrance_Manager', 0, '', '{"value":["226"],"description":""}', 1, 1341289918),
(269, 2, 'Event_Manager', 0, '', '{"value":["237"],"description":""}', 1, 1341289958),
(270, 2, 'Event_Editor', 269, '', '{"value":["236","243"],"description":"","modified":"{\\"1341291344\\":\\"1\\"}"}', 1, 1341290019),
(271, 2, 'Event_Creater', 270, '', '{"value":["233","234","235","238","239","240","241"],"description":"","modified":"{\\"1341291355\\":\\"1\\"}"}', 1, 1341290039),
(272, 2, 'Notice_Manager', 0, '', '{"value":["248"],"description":""}', 1, 1341290055),
(273, 2, 'Notice_Editor', 272, '', '{"value":["247","254"],"description":"","modified":"{\\"1341290124\\":\\"1\\"}"}', 1, 1341290082),
(274, 2, 'Notice_Creater', 273, '', '{"value":["244","245","246","249","250","251","252","253"],"description":"","modified":"{\\"1341290135\\":\\"1\\"}"}', 1, 1341290103),
(278, 1, 'highSchool_index', 0, 'high_school', '{"bizRule":"","description":"","value":[],"modified":"{\\"1341300843\\":\\"1\\"}"}', 1, 1341300812),
(279, 1, 'highSchool_create', 0, 'high_school', '{"bizRule":"","description":"","value":[]}', 1, 1341301387),
(280, 1, 'highSchool_suggestTitle', 0, 'high_school', '{"bizRule":"","description":"","value":[]}', 1, 1341301407),
(281, 1, 'highSchool_reverseStatus', 0, 'high_school', '{"bizRule":"","description":"","value":[]}', 1, 1341301422),
(282, 1, 'highSchool_delete', 0, 'high_school', '{"bizRule":"","description":"","value":[]}', 1, 1341301454),
(283, 1, 'highSchool_checkbox', 0, 'high_school', '{"bizRule":"","description":"","value":[]}', 1, 1341301467),
(284, 1, 'highSchool_copy', 0, 'high_school', '{"bizRule":"","description":"","value":[]}', 1, 1341301481),
(285, 1, 'highSchool_dynamicCat', 0, 'high_school', '{"bizRule":"","description":"","value":[]}', 1, 1341301495),
(286, 1, 'highSchool_updateSuggest', 0, 'high_school', '{"bizRule":"","description":"","value":[]}', 1, 1341301506),
(287, 1, 'highSchool_update', 288, 'high_school', '{"bizRule":"","description":"","value":[],"modified":"{\\"1341301585\\":\\"1\\"}"}', 1, 1341301523),
(288, 1, 'highSchool_own_update', 0, 'high_school', '{"bizRule":"return Yii::app()->user->id==$params [\\"highSchool\\"]->created_by;","description":"","value":[]}', 1, 1341301562),
(289, 1, 'preschool_index', 0, 'preschool', '{"bizRule":"","description":"","value":[]}', 1, 1341301611),
(290, 1, 'preschool_create', 0, 'preschool', '{"bizRule":"","description":"","value":[]}', 1, 1341301693),
(291, 1, 'preschool_suggestTitle', 0, 'preschool', '{"bizRule":"","description":"","value":[],"modified":"{\\"1341302038\\":\\"1\\"}"}', 1, 1341302028),
(292, 1, 'preschool_reverseStatus', 0, 'preschool', '{"bizRule":"","description":"","value":[]}', 1, 1341302054),
(293, 1, 'preschool_delete', 0, 'preschool', '{"bizRule":"","description":"","value":[]}', 1, 1341302066),
(294, 1, 'preschool_checkbox', 0, 'preschool', '{"bizRule":"","description":"","value":[]}', 1, 1341302077),
(295, 1, 'preschool_copy', 0, 'preschool', '{"bizRule":"","description":"","value":[]}', 1, 1341302088),
(296, 1, 'preschool_dynamicCat', 0, 'preschool', '{"bizRule":"","description":"","value":[]}', 1, 1341302098),
(297, 1, 'preschool_updateSuggest', 0, 'preschool', '{"bizRule":"","description":"","value":[]}', 1, 1341302108),
(298, 1, 'preschool_own_update', 0, 'preschool', '{"bizRule":"return Yii::app()->user->id==$params [\\"preSchool\\"]->created_by;","description":"","value":[]}', 1, 1341302150),
(299, 1, 'preschool_update', 298, 'preschool', '{"bizRule":"","description":"","value":[]}', 1, 1341302395),
(300, 1, 'primarySchool_index', 0, 'primary_school', '{"bizRule":"","description":"","value":[]}', 1, 1341302445),
(301, 1, 'primarySchool_create', 0, 'primary_school', '{"bizRule":"","description":"","value":[]}', 1, 1341302468),
(302, 1, 'primarySchool_suggestTitle', 0, 'primary_school', '{"bizRule":"","description":"","value":[]}', 1, 1341302480),
(303, 1, 'primarySchool_reverseStatus', 0, 'primary_school', '{"bizRule":"","description":"","value":[]}', 1, 1341302495),
(304, 1, 'primarySchool_delete', 0, 'primary_school', '{"bizRule":"","description":"","value":[]}', 1, 1341302506),
(305, 1, 'primarySchool_checkbox', 0, 'primary_school', '{"bizRule":"","description":"","value":[]}', 1, 1341302515),
(306, 1, 'primarySchool_copy', 0, 'primary_school', '{"bizRule":"","description":"","value":[]}', 1, 1341302523),
(307, 1, 'primarySchool_dynamicCat', 0, 'primary_school', '{"bizRule":"","description":"","value":[]}', 1, 1341302533),
(308, 1, 'primarySchool_updateSuggest', 0, 'primary_school', '{"bizRule":"","description":"","value":[]}', 1, 1341302540),
(309, 1, 'primarySchool_own_update', 0, 'primary_school', '{"bizRule":"return Yii::app()->user->id==$params [\\"primarySchool\\"]->created_by;","description":"","value":[]}', 1, 1341302576),
(310, 1, 'primarySchool_update', 309, 'primary_school', '{"bizRule":"","description":"","value":[],"modified":"{\\"1341302613\\":\\"1\\"}"}', 1, 1341302597),
(311, 2, 'High_School_Manager', 0, '', '{"value":["282"],"description":""}', 1, 1341302735),
(312, 2, 'High_School_Editor', 311, '', '{"value":["281","287"],"description":"","modified":"{\\"1341302790\\":\\"1\\"}"}', 1, 1341302779),
(313, 2, 'High_School_Creater', 312, '', '{"value":["278","279","280","283","284","285","286","288"],"description":"","modified":"{\\"1341302827\\":\\"1\\"}"}', 1, 1341302819),
(314, 2, 'Primary_School_Manager', 0, '', '{"value":["304"],"description":""}', 1, 1341302852),
(315, 2, 'Primary_School_Editor', 314, '', '{"value":["303","310"],"description":"","modified":"{\\"1341302922\\":\\"1\\"}"}', 1, 1341302876),
(316, 2, 'Primary_School_Creater', 315, '', '{"value":["300","301","302","305","306","307","308","309"],"description":"","modified":"{\\"1341302934\\":\\"1\\"}"}', 1, 1341302912),
(317, 2, 'PreSchool_Manager', 0, '', '{"value":["293"],"description":""}', 1, 1341302954),
(318, 2, 'PreSchool_Editor', 317, '', '{"value":["292","299"],"description":""}', 1, 1341302982),
(319, 2, 'PreSchool_Creater', 318, '', '{"value":["289","290","291","294","295","296","297","298"],"description":"","modified":"{\\"1341304219\\":\\"1\\"}"}', 1, 1341303001),
(320, 3, 'Manager PreSchool', 11, '', '{"value":["317","133","136"],"description":"","modified":"{\\"1341308540\\":\\"1\\",\\"1341308598\\":\\"1\\",\\"1341369288\\":\\"1\\",\\"1341371672\\":\\"1\\"}"}', 1, 1341308493),
(321, 3, 'Manager Primary School', 11, '', '{"value":["314","133","136"],"description":"","modified":"{\\"1341308545\\":\\"1\\",\\"1341308607\\":\\"1\\",\\"1341369275\\":\\"1\\",\\"1341371681\\":\\"1\\"}"}', 1, 1341308522),
(322, 3, 'Manager High School', 11, '', '{"value":["311","133","136"],"description":"","modified":"{\\"1341308550\\":\\"1\\",\\"1341308615\\":\\"1\\",\\"1341369293\\":\\"1\\",\\"1341371691\\":\\"1\\"}"}', 1, 1341308535);

/*!40101 SET CHARACTER_SET_CLIENT=@OLD_CHARACTER_SET_CLIENT */;
/*!40101 SET CHARACTER_SET_RESULTS=@OLD_CHARACTER_SET_RESULTS */;
/*!40101 SET COLLATION_CONNECTION=@OLD_COLLATION_CONNECTION */;
